{"cameraMode":{"drawMode":2,"name":"Shaded Wireframe","section":"Shading Mode"},"sceneLighting":true,"audioPlay":false,"sceneViewState":{"showFog":true,"showMaterialUpdate":false,"showSkybox":true,"showFlares":true,"showImageEffects":true,"showParticleSystems":true},"in2DMode":false,"pivot":{"x":182.99374389648438,"y":172.66551208496095,"z":-5.13885498046875},"rotation":{"x":0.10521310567855835,"y":0.05873779579997063,"z":-0.0062744468450546268,"w":0.992716372013092},"size":342.8494873046875,"orthographic":false}