{"cameraMode":{"drawMode":0,"name":"Shaded","section":"Shading Mode"},"sceneLighting":false,"audioPlay":false,"sceneViewState":{"showFog":true,"showMaterialUpdate":false,"showSkybox":true,"showFlares":true,"showImageEffects":true,"showParticleSystems":true},"in2DMode":false,"pivot":{"x":6.380000114440918,"y":1.3799999952316285,"z":-1.340000033378601},"rotation":{"x":0.2006254941225052,"y":-0.6255565881729126,"z":0.17091207206249238,"w":0.7343409657478333},"size":11.847434997558594,"orthographic":false}