{"cameraMode":{"drawMode":0,"name":"Shaded","section":"Shading Mode"},"sceneLighting":true,"audioPlay":false,"sceneViewState":{"showFog":true,"showMaterialUpdate":false,"showSkybox":false,"showFlares":true,"showImageEffects":true,"showParticleSystems":true},"in2DMode":false,"pivot":{"x":-1.523782730102539,"y":0.40143489837646487,"z":-7.535922050476074},"rotation":{"x":-0.2515813708305359,"y":-0.5548998713493347,"z":0.18083897233009339,"w":-0.7721284627914429},"size":22.170352935791017,"orthographic":false}