{"cameraMode":{"drawMode":0,"name":"Shaded","section":"Shading Mode"},"sceneLighting":false,"audioPlay":false,"sceneViewState":{"showFog":true,"showMaterialUpdate":false,"showSkybox":false,"showFlares":true,"showImageEffects":true,"showParticleSystems":true},"in2DMode":false,"pivot":{"x":0.0,"y":0.16620315611362458,"z":-0.0074907951056957249},"rotation":{"x":0.3803147077560425,"y":-0.1420307606458664,"z":0.05923168361186981,"w":0.9119669198989868},"size":0.18862968683242799,"orthographic":false}