{"cameraMode":{"drawMode":0,"name":"Shaded","section":"Shading Mode"},"sceneLighting":false,"audioPlay":false,"sceneViewState":{"showFog":true,"showMaterialUpdate":false,"showSkybox":false,"showFlares":true,"showImageEffects":true,"showParticleSystems":true},"in2DMode":false,"pivot":{"x":0.0,"y":0.6202436089515686,"z":-0.0507998988032341},"rotation":{"x":-0.11842203885316849,"y":0.7195967435836792,"z":-0.12670160830020905,"w":-0.6724522709846497},"size":1.2392494678497315,"orthographic":false}