{"cameraMode":{"drawMode":0,"name":"Shaded","section":"Shading Mode"},"sceneLighting":false,"audioPlay":false,"sceneViewState":{"showFog":true,"showMaterialUpdate":false,"showSkybox":true,"showFlares":true,"showImageEffects":true,"showParticleSystems":true},"in2DMode":false,"pivot":{"x":3.484039783477783,"y":0.2551920413970947,"z":1.788365364074707},"rotation":{"x":0.29850080609321597,"y":0.2904260456562042,"z":-0.09592055529356003,"w":0.9041115641593933},"size":4.891971588134766,"orthographic":false}