{"cameraMode":{"drawMode":0,"name":"Shaded","section":"Shading Mode"},"sceneLighting":true,"audioPlay":false,"sceneViewState":{"showFog":true,"showMaterialUpdate":false,"showSkybox":true,"showFlares":true,"showImageEffects":true,"showParticleSystems":true},"in2DMode":false,"pivot":{"x":-37.68116760253906,"y":1.7270972728729249,"z":38.163822174072269},"rotation":{"x":-0.06462505459785462,"y":0.9328179955482483,"z":-0.2842620015144348,"w":-0.2120407223701477},"size":52.55729675292969,"orthographic":false}