{"cameraMode":{"drawMode":0,"name":"Shaded","section":"Shading Mode"},"sceneLighting":true,"audioPlay":false,"sceneViewState":{"showFog":true,"showMaterialUpdate":false,"showSkybox":true,"showFlares":true,"showImageEffects":true,"showParticleSystems":true},"in2DMode":false,"pivot":{"x":-4.885053634643555,"y":-3.0142412185668947,"z":4.059616565704346},"rotation":{"x":0.42411234974861147,"y":-0.008150245994329453,"z":0.0038170593325048687,"w":0.905565619468689},"size":12.806252479553223,"orthographic":false}