{"cameraMode":{"drawMode":0,"name":"Shaded","section":"Shading Mode"},"sceneLighting":true,"audioPlay":false,"sceneViewState":{"showFog":true,"showMaterialUpdate":false,"showSkybox":true,"showFlares":true,"showImageEffects":true,"showParticleSystems":true},"in2DMode":false,"pivot":{"x":-22.262672424316408,"y":2.0127434730529787,"z":-20.345672607421876},"rotation":{"x":-0.020823262631893159,"y":0.40820518136024477,"z":-0.009305371902883053,"w":-0.9126144647598267},"size":3.434053897857666,"orthographic":false}