{"cameraMode":{"drawMode":0,"name":"Shaded","section":"Shading Mode"},"sceneLighting":false,"audioPlay":false,"sceneViewState":{"showFog":true,"showMaterialUpdate":false,"showSkybox":false,"showFlares":true,"showImageEffects":true,"showParticleSystems":true},"in2DMode":false,"pivot":{"x":0.0,"y":-2.9802322387695315e-8,"z":-0.03212648630142212},"rotation":{"x":-0.1936815083026886,"y":-0.6329973340034485,"z":0.1678764969110489,"w":-0.7305198907852173},"size":0.6198428869247437,"orthographic":false}