{"cameraMode":{"drawMode":0,"name":"Shaded","section":"Shading Mode"},"sceneLighting":false,"audioPlay":false,"sceneViewState":{"showFog":true,"showMaterialUpdate":false,"showSkybox":false,"showFlares":true,"showImageEffects":true,"showParticleSystems":true},"in2DMode":false,"pivot":{"x":-1.1920928955078126e-7,"y":1.0625500679016114,"z":0.009617447853088379},"rotation":{"x":0.05764022469520569,"y":0.21750688552856446,"z":-0.012915304861962796,"w":0.9743070006370544},"size":1.6028915643692017,"orthographic":false}