{"cameraMode":{"drawMode":0,"name":"Shaded","section":"Shading Mode"},"sceneLighting":false,"audioPlay":false,"sceneViewState":{"showFog":true,"showMaterialUpdate":false,"showSkybox":false,"showFlares":true,"showImageEffects":true,"showParticleSystems":true},"in2DMode":false,"pivot":{"x":-1.4901161193847657e-8,"y":0.33647972345352175,"z":-0.04326865077018738},"rotation":{"x":0.24142424762248994,"y":0.25435248017311098,"z":-0.06576798856258393,"w":0.9342171549797058},"size":0.8448230624198914,"orthographic":false}