{"cameraMode":{"drawMode":0,"name":"Shaded","section":"Shading Mode"},"sceneLighting":true,"audioPlay":false,"sceneViewState":{"showFog":true,"showMaterialUpdate":false,"showSkybox":true,"showFlares":true,"showImageEffects":true,"showParticleSystems":true},"in2DMode":false,"pivot":{"x":44.24065017700195,"y":0.501425564289093,"z":-1.1696726083755494},"rotation":{"x":0.2996533513069153,"y":-0.03147614374756813,"z":0.009892098605632782,"w":0.9534783363342285},"size":1.6640939712524415,"orthographic":false}