{"cameraMode":{"drawMode":0,"name":"Shaded","section":"Shading Mode"},"sceneLighting":false,"audioPlay":false,"sceneViewState":{"showFog":true,"showMaterialUpdate":false,"showSkybox":true,"showFlares":true,"showImageEffects":true,"showParticleSystems":true},"in2DMode":false,"pivot":{"x":-4.0098419189453129,"y":2.199436664581299,"z":-11.902288436889649},"rotation":{"x":-0.28738561272621157,"y":0.026433231309056283,"z":-0.007915286347270012,"w":-0.9574630260467529},"size":12.930550575256348,"orthographic":false}