{"cameraMode":{"drawMode":0,"name":"Shaded","section":"Shading Mode"},"sceneLighting":true,"audioPlay":false,"sceneViewState":{"showFog":true,"showMaterialUpdate":false,"showSkybox":true,"showFlares":true,"showImageEffects":true,"showParticleSystems":true},"in2DMode":false,"pivot":{"x":-32.383480072021487,"y":4.346959114074707,"z":2.3417482376098635},"rotation":{"x":0.06921026855707169,"y":-0.03290801867842674,"z":0.002205865690484643,"w":0.9971081614494324},"size":868.9803466796875,"orthographic":false}