{"cameraMode":{"drawMode":0,"name":"Shaded","section":"Shading Mode"},"sceneLighting":false,"audioPlay":false,"sceneViewState":{"showFog":true,"showMaterialUpdate":false,"showSkybox":false,"showFlares":true,"showImageEffects":true,"showParticleSystems":true},"in2DMode":false,"pivot":{"x":-1.2082693576812745,"y":2.2326064109802248,"z":0.9215607643127441},"rotation":{"x":0.154541477560997,"y":-0.8206874132156372,"z":0.26225849986076357,"w":0.4835759997367859},"size":2.163215160369873,"orthographic":false}