{"cameraMode":{"drawMode":0,"name":"Shaded","section":"Shading Mode"},"sceneLighting":true,"audioPlay":false,"sceneViewState":{"showFog":true,"showMaterialUpdate":false,"showSkybox":true,"showFlares":true,"showImageEffects":true,"showParticleSystems":true},"in2DMode":false,"pivot":{"x":45.30629348754883,"y":3.2602882385253908,"z":2.047800302505493},"rotation":{"x":-0.24043120443820954,"y":0.715453028678894,"z":-0.2930988073348999,"w":-0.5869448781013489},"size":11.878225326538086,"orthographic":false}