{"cameraMode":{"drawMode":0,"name":"Shaded","section":"Shading Mode"},"sceneLighting":false,"audioPlay":false,"sceneViewState":{"showFog":true,"showMaterialUpdate":false,"showSkybox":true,"showFlares":true,"showImageEffects":true,"showParticleSystems":true},"in2DMode":false,"pivot":{"x":27.376766204833986,"y":3.875575304031372,"z":16.42819595336914},"rotation":{"x":-0.054199907928705218,"y":0.9418867230415344,"z":-0.27441641688346865,"w":-0.186031773686409},"size":3.9464709758758547,"orthographic":false}