{"cameraMode":{"drawMode":0,"name":"Shaded","section":"Shading Mode"},"sceneLighting":true,"audioPlay":false,"sceneViewState":{"showFog":true,"showMaterialUpdate":false,"showSkybox":true,"showFlares":true,"showImageEffects":true,"showParticleSystems":true},"in2DMode":false,"pivot":{"x":6.523297309875488,"y":3.760425567626953,"z":-1.9000000953674317},"rotation":{"x":-0.0563088022172451,"y":0.937562882900238,"z":-0.29187119007110598,"w":-0.18084026873111726},"size":3.5419509410858156,"orthographic":false}