{"cameraMode":{"drawMode":0,"name":"Shaded","section":"Shading Mode"},"sceneLighting":false,"audioPlay":false,"sceneViewState":{"showFog":true,"showMaterialUpdate":false,"showSkybox":false,"showFlares":true,"showImageEffects":true,"showParticleSystems":true},"in2DMode":false,"pivot":{"x":-0.21978068351745606,"y":0.21912336349487306,"z":-0.0003178045153617859},"rotation":{"x":0.2615422308444977,"y":-0.2768329679965973,"z":0.07859151810407639,"w":0.9213404655456543},"size":0.7093247175216675,"orthographic":false}