{"cameraMode":{"drawMode":0,"name":"Shaded","section":"Shading Mode"},"sceneLighting":false,"audioPlay":false,"sceneViewState":{"showFog":true,"showMaterialUpdate":false,"showSkybox":true,"showFlares":true,"showImageEffects":true,"showParticleSystems":true},"in2DMode":false,"pivot":{"x":-0.7399997711181641,"y":-1.059999942779541,"z":0.630000114440918},"rotation":{"x":0.40117427706718447,"y":-0.3594588339328766,"z":0.17497219145298005,"w":0.8241710662841797},"size":8.888724327087403,"orthographic":false}