{"cameraMode":{"drawMode":0,"name":"Shaded","section":"Shading Mode"},"sceneLighting":true,"audioPlay":false,"sceneViewState":{"showFog":true,"showMaterialUpdate":false,"showSkybox":true,"showFlares":true,"showImageEffects":true,"showParticleSystems":true},"in2DMode":false,"pivot":{"x":197.0,"y":6.199999809265137,"z":-115.30000305175781},"rotation":{"x":-0.12034665793180466,"y":0.2537355124950409,"z":-0.03183411806821823,"w":-0.9592300057411194},"size":1.063012957572937,"orthographic":false}