{"cameraMode":{"drawMode":0,"name":"Shaded","section":"Shading Mode"},"sceneLighting":true,"audioPlay":false,"sceneViewState":{"showFog":true,"showMaterialUpdate":false,"showSkybox":true,"showFlares":true,"showImageEffects":true,"showParticleSystems":true},"in2DMode":false,"pivot":{"x":-0.019999980926513673,"y":0.009999990463256836,"z":1.4800000190734864},"rotation":{"x":0.12466886639595032,"y":-0.2915792465209961,"z":0.03836074844002724,"w":0.9476132988929749},"size":5.025148868560791,"orthographic":false}