{"cameraMode":{"drawMode":0,"name":"Shaded","section":"Shading Mode"},"sceneLighting":false,"audioPlay":false,"sceneViewState":{"showFog":true,"showMaterialUpdate":false,"showSkybox":false,"showFlares":true,"showImageEffects":true,"showParticleSystems":true},"in2DMode":false,"pivot":{"x":0.8617058992385864,"y":0.8078275322914124,"z":1.4942141771316529},"rotation":{"x":-0.11504915356636048,"y":0.44786447286605837,"z":-0.05823817104101181,"w":-0.8847541213035584},"size":1.2428511381149293,"orthographic":false}