{"cameraMode":{"drawMode":2,"name":"Shaded Wireframe","section":"Shading Mode"},"sceneLighting":false,"audioPlay":false,"sceneViewState":{"showFog":true,"showMaterialUpdate":false,"showSkybox":false,"showFlares":true,"showImageEffects":true,"showParticleSystems":true},"in2DMode":false,"pivot":{"x":-0.0239887535572052,"y":0.2771398723125458,"z":0.11797952651977539},"rotation":{"x":-0.32427123188972475,"y":0.01900961622595787,"z":-0.006517639849334955,"w":-0.9457529783248901},"size":0.49239054322242739,"orthographic":false}