{"cameraMode":{"drawMode":2,"name":"Shaded Wireframe","section":"Shading Mode"},"sceneLighting":true,"audioPlay":false,"sceneViewState":{"showFog":true,"showMaterialUpdate":false,"showSkybox":true,"showFlares":true,"showImageEffects":true,"showParticleSystems":true},"in2DMode":false,"pivot":{"x":0.09937945008277893,"y":0.0480102002620697,"z":5.476884841918945},"rotation":{"x":-0.023152656853199006,"y":0.976696789264679,"z":-0.141933411359787,"w":-0.1593218296766281},"size":7.931157112121582,"orthographic":false}