{"cameraMode":{"drawMode":2,"name":"Shaded Wireframe","section":"Shading Mode"},"sceneLighting":true,"audioPlay":false,"sceneViewState":{"showFog":true,"showMaterialUpdate":false,"showSkybox":true,"showFlares":true,"showImageEffects":true,"showParticleSystems":true},"in2DMode":false,"pivot":{"x":138.82777404785157,"y":74.86953735351563,"z":-57.319725036621097},"rotation":{"x":-0.2244400978088379,"y":0.6104373931884766,"z":-0.1860314905643463,"w":-0.7364706993103027},"size":108.55525207519531,"orthographic":false}