{"cameraMode":{"drawMode":2,"name":"Shaded Wireframe","section":"Shading Mode"},"sceneLighting":false,"audioPlay":false,"sceneViewState":{"showFog":true,"showMaterialUpdate":false,"showSkybox":false,"showFlares":true,"showImageEffects":true,"showParticleSystems":true},"in2DMode":false,"pivot":{"x":-4.008250713348389,"y":1.146124243736267,"z":-3.271667957305908},"rotation":{"x":-0.12321630120277405,"y":-0.07642263919115067,"z":0.009517619386315346,"w":-0.9893889427185059},"size":1.2446500062942505,"orthographic":false}