{"cameraMode":{"drawMode":2,"name":"Shaded Wireframe","section":"Shading Mode"},"sceneLighting":true,"audioPlay":false,"sceneViewState":{"showFog":true,"showMaterialUpdate":false,"showSkybox":true,"showFlares":true,"showImageEffects":true,"showParticleSystems":true},"in2DMode":false,"pivot":{"x":-10.140619277954102,"y":-1.6586909294128419,"z":-0.6347613334655762},"rotation":{"x":0.14441989362239839,"y":-0.6916255354881287,"z":0.14416126906871797,"w":0.6928417086601257},"size":20.623462677001954,"orthographic":false}