{"cameraMode":{"drawMode":2,"name":"Shaded Wireframe","section":"Shading Mode"},"sceneLighting":true,"audioPlay":false,"sceneViewState":{"showFog":true,"showMaterialUpdate":false,"showSkybox":true,"showFlares":true,"showImageEffects":true,"showParticleSystems":true},"in2DMode":false,"pivot":{"x":400.0071716308594,"y":-27427.6640625,"z":17.046646118164064},"rotation":{"x":-0.24429361522197724,"y":0.6659647822380066,"z":-0.24635423719882966,"w":-0.6603955626487732},"size":1.4322470426559449,"orthographic":false}