{"cameraMode":{"drawMode":2,"name":"Shaded Wireframe","section":"Shading Mode"},"sceneLighting":true,"audioPlay":false,"sceneViewState":{"showFog":true,"showMaterialUpdate":false,"showSkybox":true,"showFlares":true,"showImageEffects":true,"showParticleSystems":true},"in2DMode":false,"pivot":{"x":-0.8825113773345947,"y":1.57200026512146,"z":1.3897898197174073},"rotation":{"x":0.1527203917503357,"y":-0.7396665215492249,"z":0.17909471690654756,"w":0.6305015087127686},"size":52.89982604980469,"orthographic":false}