{"cameraMode":{"drawMode":2,"name":"Shaded Wireframe","section":"Shading Mode"},"sceneLighting":false,"audioPlay":false,"sceneViewState":{"showFog":true,"showMaterialUpdate":false,"showSkybox":false,"showFlares":true,"showImageEffects":true,"showParticleSystems":true},"in2DMode":false,"pivot":{"x":-21.22825050354004,"y":1.146124243736267,"z":-21.601669311523439},"rotation":{"x":0.000713271670974791,"y":-0.9174379110336304,"z":0.3978746235370636,"w":0.0016443454660475255},"size":1.2446502447128297,"orthographic":false}