{"cameraMode":{"drawMode":2,"name":"Shaded Wireframe","section":"Shading Mode"},"sceneLighting":true,"audioPlay":false,"sceneViewState":{"showFog":true,"showMaterialUpdate":false,"showSkybox":true,"showFlares":true,"showImageEffects":true,"showParticleSystems":true},"in2DMode":false,"pivot":{"x":21.989418029785158,"y":-108.84880065917969,"z":44.9027099609375},"rotation":{"x":0.35260075330734255,"y":0.007664267439395189,"z":-0.00312271760776639,"w":0.9358873963356018},"size":293.5855712890625,"orthographic":false}