{"cameraMode":{"drawMode":2,"name":"Shaded Wireframe","section":"Shading Mode"},"sceneLighting":true,"audioPlay":false,"sceneViewState":{"showFog":true,"showMaterialUpdate":false,"showSkybox":true,"showFlares":true,"showImageEffects":true,"showParticleSystems":true},"in2DMode":false,"pivot":{"x":-109.0967025756836,"y":10.340020179748536,"z":-209.7530975341797},"rotation":{"x":0.08357156068086624,"y":-0.7901077270507813,"z":0.10968129336833954,"w":0.5975042581558228},"size":29.287778854370118,"orthographic":false}