{"cameraMode":{"drawMode":2,"name":"Shaded Wireframe","section":"Shading Mode"},"sceneLighting":true,"audioPlay":false,"sceneViewState":{"showFog":true,"showMaterialUpdate":false,"showSkybox":true,"showFlares":true,"showImageEffects":true,"showParticleSystems":true},"in2DMode":false,"pivot":{"x":0.008755683898925782,"y":0.23000001907348634,"z":0.07989490032196045},"rotation":{"x":0.13019707798957826,"y":-0.8385967016220093,"z":0.2288120836019516,"w":0.4769771993160248},"size":11.799189567565918,"orthographic":false}