{"cameraMode":{"drawMode":2,"name":"Shaded Wireframe","section":"Shading Mode"},"sceneLighting":true,"audioPlay":false,"sceneViewState":{"showFog":true,"showMaterialUpdate":false,"showSkybox":true,"showFlares":true,"showImageEffects":true,"showParticleSystems":true},"in2DMode":false,"pivot":{"x":0.8540371060371399,"y":2.7371816635131838,"z":0.44164371490478518},"rotation":{"x":-0.07972497493028641,"y":0.0005952928913757205,"z":-0.00004769302177010104,"w":-0.9968172907829285},"size":3.5660250186920168,"orthographic":false}