{"cameraMode":{"drawMode":2,"name":"Shaded Wireframe","section":"Shading Mode"},"sceneLighting":true,"audioPlay":false,"sceneViewState":{"showFog":true,"showMaterialUpdate":false,"showSkybox":true,"showFlares":true,"showImageEffects":true,"showParticleSystems":true},"in2DMode":false,"pivot":{"x":-30.328170776367189,"y":32.56417465209961,"z":-25.897014617919923},"rotation":{"x":-0.00802193209528923,"y":0.9748036861419678,"z":-0.22034703195095063,"w":-0.03510519489645958},"size":68.5259780883789,"orthographic":false}