{"cameraMode":{"drawMode":2,"name":"Shaded Wireframe","section":"Shading Mode"},"sceneLighting":true,"audioPlay":false,"sceneViewState":{"showFog":true,"showMaterialUpdate":false,"showSkybox":true,"showFlares":true,"showImageEffects":true,"showParticleSystems":true},"in2DMode":false,"pivot":{"x":112.95509338378906,"y":7.125322341918945,"z":115.39103698730469},"rotation":{"x":-0.026903904974460603,"y":0.4043286442756653,"z":0.011863521300256253,"w":0.9141705632209778},"size":13.811604499816895,"orthographic":false}