{"cameraMode":{"drawMode":2,"name":"Shaded Wireframe","section":"Shading Mode"},"sceneLighting":true,"audioPlay":false,"sceneViewState":{"showFog":true,"showMaterialUpdate":false,"showSkybox":true,"showFlares":true,"showImageEffects":true,"showParticleSystems":true},"in2DMode":false,"pivot":{"x":112.95509338378906,"y":7.125322341918945,"z":115.39103698730469},"rotation":{"x":0.08235029876232147,"y":0.37677308917045596,"z":-0.03369699791073799,"w":0.9220519661903381},"size":12.799310684204102,"orthographic":false}