{"cameraMode":{"drawMode":2,"name":"Shaded Wireframe","section":"Shading Mode"},"sceneLighting":true,"audioPlay":false,"sceneViewState":{"showFog":true,"showMaterialUpdate":false,"showSkybox":true,"showFlares":true,"showImageEffects":true,"showParticleSystems":true},"in2DMode":false,"pivot":{"x":3.534437417984009,"y":0.8520358800888062,"z":-8.69053840637207},"rotation":{"x":0.26219338178634646,"y":-0.2999836802482605,"z":0.08610425144433975,"w":0.9131738543510437},"size":2.2757437229156496,"orthographic":false}