{"cameraMode":{"drawMode":2,"name":"Shaded Wireframe","section":"Shading Mode"},"sceneLighting":true,"audioPlay":false,"sceneViewState":{"showFog":true,"showMaterialUpdate":false,"showSkybox":true,"showFlares":true,"showImageEffects":true,"showParticleSystems":true},"in2DMode":false,"pivot":{"x":-71.22013854980469,"y":-85.387451171875,"z":80.52322387695313},"rotation":{"x":0.3547475337982178,"y":0.32605138421058657,"z":-0.13376079499721528,"w":0.866119384765625},"size":278.750244140625,"orthographic":false}