{"cameraMode":{"drawMode":2,"name":"Shaded Wireframe","section":"Shading Mode"},"sceneLighting":false,"audioPlay":false,"sceneViewState":{"showFog":true,"showMaterialUpdate":false,"showSkybox":false,"showFlares":true,"showImageEffects":true,"showParticleSystems":true},"in2DMode":false,"pivot":{"x":0.3174886107444763,"y":0.09200030565261841,"z":-2.65021014213562},"rotation":{"x":0.1527203917503357,"y":-0.7396665215492249,"z":0.17909471690654756,"w":0.6305015087127686},"size":3.627746820449829,"orthographic":false}