{"cameraMode":{"drawMode":2,"name":"Shaded Wireframe","section":"Shading Mode"},"sceneLighting":true,"audioPlay":false,"sceneViewState":{"showFog":true,"showMaterialUpdate":false,"showSkybox":true,"showFlares":true,"showImageEffects":true,"showParticleSystems":true},"in2DMode":false,"pivot":{"x":72.050537109375,"y":32.42224884033203,"z":-60.3641357421875},"rotation":{"x":0.24656091630458833,"y":-0.42293161153793337,"z":0.12071913480758667,"w":0.863596498966217},"size":35.34317398071289,"orthographic":false}