{"cameraMode":{"drawMode":2,"name":"Shaded Wireframe","section":"Shading Mode"},"sceneLighting":true,"audioPlay":false,"sceneViewState":{"showFog":true,"showMaterialUpdate":false,"showSkybox":true,"showFlares":true,"showImageEffects":true,"showParticleSystems":true},"in2DMode":false,"pivot":{"x":95.5457534790039,"y":2.9494738578796388,"z":-59.97362518310547},"rotation":{"x":0.24656091630458833,"y":-0.42293161153793337,"z":0.12071913480758667,"w":0.863596498966217},"size":52.29562759399414,"orthographic":false}