{"cameraMode":{"drawMode":2,"name":"Shaded Wireframe","section":"Shading Mode"},"sceneLighting":true,"audioPlay":false,"sceneViewState":{"showFog":true,"showMaterialUpdate":false,"showSkybox":true,"showFlares":true,"showImageEffects":true,"showParticleSystems":true},"in2DMode":false,"pivot":{"x":-0.056471727788448337,"y":0.2517864406108856,"z":0.07592979073524475},"rotation":{"x":-0.23799826204776765,"y":-0.006704370025545359,"z":0.0016430271789431573,"w":-0.9712433218955994},"size":0.8602957129478455,"orthographic":false}