{"cameraMode":{"drawMode":0,"name":"Shaded","section":"Shading Mode"},"sceneLighting":true,"audioPlay":false,"sceneViewState":{"showFog":true,"showMaterialUpdate":false,"showSkybox":true,"showFlares":true,"showImageEffects":true,"showParticleSystems":true},"in2DMode":false,"pivot":{"x":-4.384646415710449,"y":0.20182055234909059,"z":2.5786893367767336},"rotation":{"x":0.059463486075401309,"y":-0.5983396768569946,"z":0.04459766671061516,"w":0.797788143157959},"size":4.458215713500977,"orthographic":false}