{"cameraMode":{"drawMode":0,"name":"Shaded","section":"Shading Mode"},"sceneLighting":true,"audioPlay":false,"sceneViewState":{"showFog":true,"showMaterialUpdate":false,"showSkybox":true,"showFlares":true,"showImageEffects":true,"showParticleSystems":true},"in2DMode":false,"pivot":{"x":-4.575736999511719,"y":2.203597068786621,"z":3.195981979370117},"rotation":{"x":0.044332507997751239,"y":-0.5185741782188416,"z":0.026937177404761316,"w":0.8534584641456604},"size":5.928387641906738,"orthographic":false}